-- phpMyAdmin SQL Dump
-- version 5.2.2
-- https://www.phpmyadmin.net/
--
-- 호스트: localhost
-- 생성 시간: 25-11-15 07:44
-- 서버 버전: 10.2.44-MariaDB-log
-- PHP 버전: 8.3.17

SET SQL_MODE = "NO_AUTO_VALUE_ON_ZERO";
START TRANSACTION;
SET time_zone = "+00:00";


/*!40101 SET @OLD_CHARACTER_SET_CLIENT=@@CHARACTER_SET_CLIENT */;
/*!40101 SET @OLD_CHARACTER_SET_RESULTS=@@CHARACTER_SET_RESULTS */;
/*!40101 SET @OLD_COLLATION_CONNECTION=@@COLLATION_CONNECTION */;
/*!40101 SET NAMES utf8mb4 */;

--
-- 데이터베이스: `im4u798`
--

-- --------------------------------------------------------

--
-- 테이블 구조 `realtime_operations`
--

DROP TABLE IF EXISTS `realtime_operations`;
CREATE TABLE `realtime_operations` (
  `id` int(11) NOT NULL,
  `snapshot_time` datetime DEFAULT NULL,
  `departure_time` varchar(10) DEFAULT NULL,
  `ship_name` varchar(100) DEFAULT NULL,
  `route_name` varchar(200) DEFAULT NULL,
  `direction` varchar(50) DEFAULT NULL,
  `origin` varchar(100) DEFAULT NULL,
  `route_type` varchar(50) DEFAULT NULL,
  `operation_type` varchar(50) DEFAULT NULL,
  `reason` varchar(200) DEFAULT NULL,
  `status` varchar(50) DEFAULT NULL,
  `license_route` varchar(200) DEFAULT NULL
) ENGINE=MyISAM DEFAULT CHARSET=utf8;

--
-- 테이블의 덤프 데이터 `realtime_operations`
--

INSERT INTO `realtime_operations` (`id`, `snapshot_time`, `departure_time`, `ship_name`, `route_name`, `direction`, `origin`, `route_type`, `operation_type`, `reason`, `status`, `license_route`) VALUES
(1, '2025-11-15 14:19:00', '650', '청산아일랜드호', '완도-청산', '역방향', '청산', '편도항로', '정상', '', '완료', '완도-청산'),
(2, '2025-11-15 14:19:00', '700', '섬사랑7호', '완도-여서(청산2회)', '역방향', '여서', '편도항로', '정상', '', '완료', '여서-완도'),
(3, '2025-11-15 14:19:00', '700', '퀸청산호', '완도-청산', '정방향', '완도', '편도항로', '정상', '', '완료', '완도-청산'),
(4, '2025-11-15 14:19:00', '710', '섬사랑2호', '완도-모도(순환)', '정방향', '완도', '순환항로', '정상', '', '완료', '완도-모도'),
(5, '2025-11-15 14:19:00', '720', '섬사랑5호', '완도-덕우(황제)', '정방향', '완도', '순환항로', '정상', '', '완료', '완도-덕우'),
(6, '2025-11-15 14:19:00', '830', '청산아일랜드호', '완도-청산', '정방향', '완도', '편도항로', '정상', '', '완료', '완도-청산'),
(7, '2025-11-15 14:19:00', '900', '퀸청산호', '완도-청산', '역방향', '청산', '편도항로', '정상', '', '완료', '완도-청산'),
(8, '2025-11-15 14:19:00', '1100', '퀸청산호', '완도-청산', '정방향', '완도', '편도항로', '정상', '', '완료', '완도-청산'),
(9, '2025-11-15 14:19:00', '1100', '섬사랑2호', '완도-모도(순환)', '정방향', '완도', '순환항로', '정상', '', '완료', '완도-모도'),
(10, '2025-11-15 14:19:00', '1130', '청산아일랜드호', '완도-청산', '역방향', '청산', '편도항로', '정상', '', '완료', '완도-청산'),
(11, '2025-11-15 14:19:00', '1300', '퀸청산호', '완도-청산', '역방향', '청산', '편도항로', '정상', '', '완료', '완도-청산'),
(12, '2025-11-15 14:19:00', '1300', '청산아일랜드호', '완도-청산', '정방향', '완도', '편도항로', '정상', '', '완료', '완도-청산'),
(13, '2025-11-15 14:19:00', '1430', '퀸청산호', '완도-청산', '정방향', '완도', '편도항로', '정상', '', '출항전', '완도-청산'),
(14, '2025-11-15 14:19:00', '1450', '섬사랑7호', '완도-여서(청산1회)', '정방향', '완도', '편도항로', '정상', '', '출항전', '여서-완도'),
(15, '2025-11-15 14:19:00', '1500', '청산아일랜드호', '완도-청산', '역방향', '청산', '편도항로', '정상', '', '출항전', '완도-청산'),
(16, '2025-11-15 14:19:00', '1500', '섬사랑5호', '완도-덕우(오후)2', '정방향', '완도', '순환항로', '정상', '', '출항전', '완도-덕우'),
(17, '2025-11-15 14:19:00', '1530', '섬사랑2호', '완도-모도(순환)', '정방향', '완도', '순환항로', '정상', '', '출항전', '완도-모도'),
(18, '2025-11-15 14:19:00', '1700', '퀸청산호', '완도-청산', '역방향', '청산', '편도항로', '정상', '', '출항전', '완도-청산'),
(19, '2025-11-15 14:19:00', '1700', '청산아일랜드호', '완도-청산', '정방향', '완도', '편도항로', '정상', '', '출항전', '완도-청산'),
(20, '2025-11-15 14:19:00', '1801', '슬로시티청산도호', '완도-청산', '정방향', '완도', '편도항로', '비운', '', '출항전', '완도-청산'),
(21, '2025-11-15 14:19:00', '100', '퀸제누비아', '목포-제주', '정방향', '목포', '편도항로', '정상', '', '완료', '목포-제주'),
(22, '2025-11-15 14:19:00', '530', '천사1호', '목포-웅곡(복호포함)', '정방향', '목포', '편도항로', '정상', '', '완료', '목포-상태서리'),
(23, '2025-11-15 14:19:00', '540', '천사3호', '목포-동리(입항-마진)', '정방향', '목포', '편도항로', '정상', '', '완료', '목포-상태동리'),
(24, '2025-11-15 14:19:00', '550', '도초카훼리', '도초수치가산남강목포', '역방향', '비금‧도초', '편도항로', '정상', '', '완료', '도초-목포'),
(25, '2025-11-15 14:19:00', '600', '엔젤', '목포-웅곡,상태서리', '정방향', '목포', '순환항로', '정상', '', '완료', '목포-상태서리'),
(26, '2025-11-15 14:19:00', '605', '퍼스트엔젤', '목포-웅곡,상태서리', '정방향', '목포', '순환항로', '비운', '선박검사', '출항전', '목포-상태서리'),
(27, '2025-11-15 14:19:00', '700', '한림페리11호', '진도-창유', '정방향', '진도', '편도항로', '비운', '선박검사', '출항전', '진도-서거차'),
(28, '2025-11-15 14:19:00', '700', '슬로아일랜드호', '목포-외달(장좌)', '정방향', '목포', '순환항로', '정상', '', '완료', '목포-외달'),
(29, '2025-11-15 14:19:00', '700', '슬로시티2호', '송도-병풍', '정방향', '송도(신안)', '편도항로', '정상', '', '완료', '송도-병풍'),
(30, '2025-11-15 14:19:00', '700', '섬사랑6호', '목포-도초-우이', '역방향', '비금‧도초', '순환항로', '정상', '', '완료', '도초-우이'),
(31, '2025-11-15 14:19:00', '700', '섬사랑17호', '목포-서거차(정박)', '역방향', '서거차', '편도항로', '정상', '', '완료', '목포-율목'),
(32, '2025-11-15 14:19:00', '700', '섬사랑10호', '목포-서거차(정박)', '역방향', '서거차', '편도항로', '비운', '선박검사', '출항전', '목포-율목'),
(33, '2025-11-15 14:19:00', '720', '새섬두레호', '창유-진도', '역방향', '창유', '편도항로', '정상', '', '완료', '율목-진도'),
(34, '2025-11-15 14:19:00', '730', '금오고속페리호', '진도-창유', '정방향', '진도', '편도항로', '정상', '', '완료', '진도-서거차'),
(35, '2025-11-15 14:19:00', '740', '뉴퀸', '목포-가거도(2019)', '역방향', '가거', '편도항로', '정상', '', '완료', '목포-홍도'),
(36, '2025-11-15 14:19:00', '750', '천사3호', '목포-동리(입항-마진)', '역방향', '상태동리', '편도항로', '정상', '', '완료', '목포-상태동리'),
(37, '2025-11-15 14:19:00', '750', '뉴엔젤호', '목포-홍도', '정방향', '목포', '편도항로', '정상', '', '완료', '목포-홍도'),
(38, '2025-11-15 14:19:00', '800', '산타모니카', '진도-상추자-제주', '정방향', '진도', '편도항로', '비운', '선박정비', '출항전', '진도-제주'),
(39, '2025-11-15 14:19:00', '810', '천사1호', '목포-웅곡(복호포함)', '역방향', '웅곡', '편도항로', '정상', '', '완료', '목포-상태서리'),
(40, '2025-11-15 14:19:00', '810', '유토피아호', '목포-가거도(소흑산)', '정방향', '목포', '순환항로', '정상', '', '운항중', '목포-홍도'),
(41, '2025-11-15 14:19:00', '820', '금오고속페리호', '진도-창유', '역방향', '창유', '편도항로', '정상', '', '완료', '진도-서거차'),
(42, '2025-11-15 14:19:00', '820', '새섬두레호', '창유-진도', '정방향', '진도', '편도항로', '정상', '', '완료', '율목-진도'),
(43, '2025-11-15 14:19:00', '830', '섬사랑13호', '목포-율목-서거차(신)', '정방향', '목포', '편도항로', '정상', '', '운항중', '목포-율목'),
(44, '2025-11-15 14:19:00', '830', '퀸제누비아2', '목포-제주', '정방향', '목포', '편도항로', '정상', '', '완료', '목포-제주'),
(45, '2025-11-15 14:19:00', '835', '도초카훼리', '도초-가산-남강-목포', '정방향', '목포(북항)', '편도항로', '정상', '', '완료', '도초-목포'),
(46, '2025-11-15 14:19:00', '900', '슬로시티2호', '송도-병풍', '정방향', '송도(신안)', '편도항로', '정상', '', '완료', '송도-병풍'),
(47, '2025-11-15 14:19:00', '900', '뉴골드스타호', '목포-대흑산', '역방향', '흑산', '편도항로', '정상', '', '완료', '목포-홍도'),
(48, '2025-11-15 14:19:00', '900', '섬사랑9호', '진도-죽도(홀수일)', '정방향', '진도', '순환항로', '정상', '', '운항중', '진도-죽도'),
(49, '2025-11-15 14:19:00', '930', '금오고속페리호', '진도-서거차', '정방향', '진도', '편도항로', '정상', '', '완료', '진도-서거차'),
(50, '2025-11-15 14:19:00', '930', '새섬두레호', '창유-진도', '역방향', '창유', '편도항로', '정상', '', '완료', '율목-진도'),
(51, '2025-11-15 14:19:00', '1030', '슬로아일랜드호', '목포-외달(장좌)', '정방향', '목포', '순환항로', '정상', '', '완료', '목포-외달'),
(52, '2025-11-15 14:19:00', '1030', '천사3호', '목포-동리(입항-마진)', '정방향', '목포', '편도항로', '정상', '', '완료', '목포-상태동리'),
(53, '2025-11-15 14:19:00', '1030', '뉴엔젤호', '목포-홍도', '역방향', '홍도', '편도항로', '정상', '', '완료', '목포-홍도'),
(54, '2025-11-15 14:19:00', '1030', '새섬두레호', '진도-창유-관매', '정방향', '진도', '편도항로', '정상', '', '완료', '율목-진도'),
(55, '2025-11-15 14:19:00', '1100', '슬로시티2호', '송도-병풍', '정방향', '송도(신안)', '편도항로', '정상', '', '완료', '송도-병풍'),
(56, '2025-11-15 14:19:00', '1100', '산타모니카', '진도-상추자-제주', '역방향', '제주', '편도항로', '비운', '선박정비', '출항전', '진도-제주'),
(57, '2025-11-15 14:19:00', '1150', '섬사랑6호', '목포-도초-우이', '정방향', '목포', '순환항로', '정상', '', '운항중', '도초-우이'),
(58, '2025-11-15 14:19:00', '1200', '천사1호', '목포-웅곡(2)', '정방향', '목포', '편도항로', '정상', '', '완료', '목포-상태서리'),
(59, '2025-11-15 14:19:00', '1200', '새섬두레호', '진도-창유-관매', '역방향', '관매', '편도항로', '정상', '', '완료', '율목-진도'),
(60, '2025-11-15 14:19:00', '1230', '금오고속페리호', '진도-서거차', '역방향', '서거차', '편도항로', '정상', '', '운항중', '진도-서거차'),
(61, '2025-11-15 14:19:00', '1230', '뉴골드스타호', '목포-홍도', '정방향', '목포', '편도항로', '정상', '', '운항중', '목포-홍도'),
(62, '2025-11-15 14:19:00', '1240', '뉴돌핀호', '목포-홍도', '정방향', '목포', '편도항로', '증회', '', '운항중', '목포-홍도'),
(63, '2025-11-15 14:19:00', '1240', '천사3호', '목포-동리(출항-마진)', '역방향', '상태동리', '편도항로', '정상', '', '완료', '목포-상태동리'),
(64, '2025-11-15 14:19:00', '1300', '유토피아호', '목포-가거도(소흑산)', '역방향', '가거', '순환항로', '정상', '', '출항전', '목포-홍도'),
(65, '2025-11-15 14:19:00', '1330', '슬로아일랜드호', '목포-외달(장좌)', '정방향', '목포', '순환항로', '정상', '', '운항중', '목포-외달'),
(66, '2025-11-15 14:19:00', '1330', '산타모니카', '진도-상추자-제주', '정방향', '진도', '편도항로', '비운', '선박정비', '출항전', '진도-제주'),
(67, '2025-11-15 14:19:00', '1340', '퀸제누비아', '목포-제주', '역방향', '제주', '편도항로', '비운', '휴항(30일 미만)', '출항전', '목포-제주'),
(68, '2025-11-15 14:19:00', '1400', '슬로시티2호', '송도-병풍', '정방향', '송도(신안)', '편도항로', '정상', '', '완료', '송도-병풍'),
(69, '2025-11-15 14:19:00', '1400', '엔젤', '목포-웅곡,상태서리', '정방향', '목포', '순환항로', '정상', '', '운항중', '목포-상태서리'),
(70, '2025-11-15 14:19:00', '1400', '새섬두레호', '창유-진도', '정방향', '진도', '편도항로', '정상', '', '완료', '율목-진도'),
(71, '2025-11-15 14:19:00', '1410', '뉴퀸', '목포-가거도(2019)', '정방향', '목포', '편도항로', '정상', '', '운항중', '목포-홍도'),
(72, '2025-11-15 14:19:00', '1440', '천사1호', '목포-웅곡(2)', '역방향', '웅곡', '편도항로', '정상', '', '출항전', '목포-상태서리'),
(73, '2025-11-15 14:19:00', '1500', '천사3호', '목포-동리(출항-마진)', '정방향', '목포', '편도항로', '정상', '', '출항전', '목포-상태동리'),
(74, '2025-11-15 14:19:00', '1500', '도초카훼리', '도초-가산-남강-목포', '역방향', '비금‧도초', '편도항로', '정상', '', '출항전', '도초-목포'),
(75, '2025-11-15 14:19:00', '1510', '뉴골드스타호', '목포-홍도', '역방향', '홍도', '편도항로', '정상', '', '출항전', '목포-홍도'),
(76, '2025-11-15 14:19:00', '1530', '핑크돌핀호', '목포-대흑산', '정방향', '목포', '편도항로', '정상', '', '출항전', '목포-홍도'),
(77, '2025-11-15 14:19:00', '1600', '슬로아일랜드호', '목포-외달(장좌)', '정방향', '목포', '순환항로', '정상', '', '출항전', '목포-외달'),
(78, '2025-11-15 14:19:00', '1600', '금오고속페리호', '진도-창유', '정방향', '진도', '편도항로', '정상', '', '출항전', '진도-서거차'),
(79, '2025-11-15 14:19:00', '1600', '새섬두레호', '창유-진도', '역방향', '창유', '편도항로', '정상', '', '출항전', '율목-진도'),
(80, '2025-11-15 14:19:00', '1620', '산타모니카', '진도-상추자-제주', '역방향', '제주', '편도항로', '비운', '선박정비', '출항전', '진도-제주'),
(81, '2025-11-15 14:19:00', '1630', '슬로시티2호', '송도-병풍', '정방향', '송도(신안)', '편도항로', '정상', '', '출항전', '송도-병풍'),
(82, '2025-11-15 14:19:00', '1645', '퀸제누비아2', '목포-제주', '역방향', '제주', '편도항로', '정상', '', '출항전', '목포-제주'),
(83, '2025-11-15 14:19:00', '1650', '금오고속페리호', '진도-창유', '역방향', '창유', '편도항로', '정상', '', '출항전', '진도-서거차'),
(84, '2025-11-15 14:19:00', '1700', '새섬두레호', '창유-진도', '정방향', '진도', '편도항로', '정상', '', '출항전', '율목-진도'),
(85, '2025-11-15 14:19:00', '1710', '천사3호', '목포-동리(출항-마진)', '역방향', '상태동리', '편도항로', '정상', '', '출항전', '목포-상태동리'),
(86, '2025-11-15 14:19:00', '1730', '천사1호', '목포-웅곡(복호포함)', '정방향', '목포', '편도항로', '정상', '', '출항전', '목포-상태서리'),
(87, '2025-11-15 14:19:00', '1800', '도초카훼리', '도초수치가산남강목포', '정방향', '목포(북항)', '편도항로', '정상', '', '출항전', '도초-목포'),
(88, '2025-11-15 14:19:00', '2000', '천사1호', '목포-웅곡(복호포함)', '역방향', '웅곡', '편도항로', '정상', '', '출항전', '목포-상태서리'),
(89, '2025-11-15 14:19:00', '230', '실버클라우드', '제주-완도', '역방향', '완도', '편도항로', '정상', '', '완료', '제주-완도'),
(90, '2025-11-15 14:19:00', '800', '송림블루오션', '제주-추자도-완도', '정방향', '제주', '편도항로', '정상', '', '완료', '제주-완도'),
(91, '2025-11-15 14:19:00', '840', '실버클라우드', '제주-완도', '정방향', '제주', '편도항로', '정상', '', '완료', '제주-완도'),
(92, '2025-11-15 14:19:00', '920', '한일골드스텔라', '제주-완도', '역방향', '완도', '편도항로', '정상', '', '완료', '제주-완도'),
(93, '2025-11-15 14:19:00', '1340', '송림블루오션', '제주-추자도-완도', '역방향', '완도', '편도항로', '정상', '', '운항중', '제주-완도'),
(94, '2025-11-15 14:19:00', '1500', '실버클라우드', '제주-완도', '역방향', '완도', '편도항로', '비운', '휴항(30일 미만)', '출항전', '제주-완도'),
(95, '2025-11-15 14:19:00', '1600', '한일골드스텔라', '제주-완도', '정방향', '제주', '편도항로', '비운', '휴항(30일 미만)', '출항전', '제주-완도'),
(96, '2025-11-15 14:19:00', '1930', '실버클라우드', '제주-완도', '정방향', '제주', '편도항로', '비운', '휴항(30일 미만)', '출항전', '제주-완도'),
(97, '2025-11-15 14:19:00', '610', '한려페리9호', '여수-함구미(1자봉)', '정방향', '여수', '순환항로', '정상', '', '완료', '여수-함구미'),
(98, '2025-11-15 14:19:00', '620', '북도고속페리', '여수-여천-우학-연도', '정방향', '여수', '편도항로', '정상', '', '완료', '여수-연도'),
(99, '2025-11-15 14:19:00', '730', '하멜', '여수-거문(의성)_니나', '정방향', '여수', '편도항로', '정상', '', '완료', '여수-거문'),
(100, '2025-11-15 14:19:00', '830', '북도고속페리', '여수-여천-우학-연도', '역방향', '연도', '편도항로', '정상', '', '완료', '여수-연도'),
(101, '2025-11-15 14:19:00', '950', '한려페리9호', '여수-함구미(2자봉)', '정방향', '여수', '순환항로', '정상', '', '완료', '여수-함구미'),
(102, '2025-11-15 14:19:00', '1020', '하멜', '여수-거문(의성)_니나', '역방향', '거문', '편도항로', '정상', '', '완료', '여수-거문'),
(103, '2025-11-15 14:19:00', '1310', '하멜', '여수-거문(의성)_니나', '정방향', '여수', '편도항로', '정상', '', '운항중', '여수-거문'),
(104, '2025-11-15 14:19:00', '1400', '태평양1호', '월,수,목,금,토요일', '역방향', '여수', '편도항로', '비운', '휴항(30일 미만)', '출항전', '여수-둔병'),
(105, '2025-11-15 14:19:00', '1400', '북도고속페리', '여수-여천-우학-연도', '정방향', '여수', '편도항로', '정상', '', '운항중', '여수-연도'),
(106, '2025-11-15 14:19:00', '1420', '한려페리9호', '여수-함구미(3자봉)', '정방향', '여수', '순환항로', '정상', '', '출항전', '여수-함구미'),
(107, '2025-11-15 14:19:00', '1540', '하멜', '여수-거문(의성)_니나', '역방향', '거문', '편도항로', '정상', '', '출항전', '여수-거문'),
(108, '2025-11-15 14:19:00', '1630', '북도고속페리', '여수-여천-우학-연도', '역방향', '연도', '편도항로', '정상', '', '출항전', '여수-연도');

-- --------------------------------------------------------

--
-- 테이블 구조 `routes`
--

DROP TABLE IF EXISTS `routes`;
CREATE TABLE `routes` (
  `route_code` varchar(20) NOT NULL,
  `route_name_ko` varchar(100) DEFAULT NULL,
  `route_name_en` varchar(100) DEFAULT NULL,
  `origin_terminal_code` varchar(20) DEFAULT NULL,
  `destination_name` varchar(100) DEFAULT NULL,
  `via_islands` varchar(200) DEFAULT NULL,
  `region` varchar(20) DEFAULT NULL,
  `operator_name` varchar(100) DEFAULT NULL,
  `route_type` varchar(20) DEFAULT NULL,
  `distance_km` int(11) DEFAULT NULL,
  `sailing_time_min` int(11) DEFAULT NULL,
  `season_type` varchar(20) DEFAULT NULL,
  `memo` text DEFAULT NULL,
  `use_yn` char(1) DEFAULT 'Y'
) ENGINE=MyISAM DEFAULT CHARSET=utf8;

--
-- 테이블의 덤프 데이터 `routes`
--

INSERT INTO `routes` (`route_code`, `route_name_ko`, `route_name_en`, `origin_terminal_code`, `destination_name`, `via_islands`, `region`, `operator_name`, `route_type`, `distance_km`, `sailing_time_min`, `season_type`, `memo`, `use_yn`) VALUES
('RT-GARONG-SINI', '가룡 ↔ 신의(송도·병풍)', 'Garong – Sini', 'JN-SA-002', '신의도', '송도,병풍도', '신안권', '슬로시티6호', '도서민생활항로', 40, 60, '동절기', 'Y', 'Y'),
('RT-AMTAE-BIGEUM', '암태(남강) ↔ 비금(가산)', 'Amtae – Bigeum', 'JN-SA-001', '비금도', '', '신안권', '비금/암태 연안', '도서민생활항로', 30, 40, '연중', 'Y', 'Y');

-- --------------------------------------------------------

--
-- 테이블 구조 `terminals`
--

DROP TABLE IF EXISTS `terminals`;
CREATE TABLE `terminals` (
  `terminal_code` varchar(20) NOT NULL COMMENT '터미널 고유 코드(JN-MP-001 등)',
  `name_ko` varchar(100) NOT NULL COMMENT '터미널명(한글)',
  `name_en` varchar(150) DEFAULT NULL COMMENT '터미널명(영문)',
  `city` varchar(50) NOT NULL COMMENT '시/군',
  `eup_myeon` varchar(80) DEFAULT NULL COMMENT '읍/면/동',
  `ri` varchar(80) DEFAULT NULL COMMENT '리/동',
  `terminal_type` varchar(50) NOT NULL DEFAULT '소형선착장' COMMENT '터미널 유형',
  `road_addr` varchar(200) DEFAULT NULL COMMENT '도로명 주소',
  `jibun_addr` varchar(200) DEFAULT NULL COMMENT '지번 주소',
  `lat` decimal(10,7) DEFAULT NULL COMMENT '위도',
  `lng` decimal(10,7) DEFAULT NULL COMMENT '경도',
  `phone` varchar(40) DEFAULT NULL COMMENT '전화번호',
  `has_parking` char(1) DEFAULT 'N' COMMENT '주차 여부(Y/N)',
  `parking_note` varchar(200) DEFAULT NULL COMMENT '주차 설명',
  `use_yn` char(1) DEFAULT 'Y' COMMENT '사용 여부(Y/N)',
  `source_url` varchar(300) DEFAULT NULL COMMENT '자료 출처 URL',
  `memo` varchar(300) DEFAULT NULL COMMENT '메모',
  `created_at` timestamp NOT NULL DEFAULT current_timestamp(),
  `updated_at` timestamp NOT NULL DEFAULT current_timestamp() ON UPDATE current_timestamp()
) ENGINE=MyISAM DEFAULT CHARSET=utf8mb4;

--
-- 테이블의 덤프 데이터 `terminals`
--

INSERT INTO `terminals` (`terminal_code`, `name_ko`, `name_en`, `city`, `eup_myeon`, `ri`, `terminal_type`, `road_addr`, `jibun_addr`, `lat`, `lng`, `phone`, `has_parking`, `parking_note`, `use_yn`, `source_url`, `memo`, `created_at`, `updated_at`) VALUES
('JN-SA-004', '비금 가산터미널', 'Bigeum Gasan Terminal', '신안군', '비금면', '가산리', '소형선착장', '', '', 34.7615089, 125.9984915, '', 'N', '', 'Y', '', '', '0000-00-00 00:00:00', '0000-00-00 00:00:00'),
('JN-SA-001', '암태 남강선착장', 'Amtae Namgang Pier', '신안군', '암태면', '와촌리', '소형선착장', '', '', 34.8030410, 126.1193304, '', 'N', '', 'Y', '', '', '0000-00-00 00:00:00', '0000-00-00 00:00:00'),
('JN-SA-002', '가룡선착장', 'Garong Pier', '신안군', '압해읍', '가룡리', '소형선착장', '', '', 34.9183924, 126.3047455, '', 'N', '', 'Y', '', '', '0000-00-00 00:00:00', '0000-00-00 00:00:00');

-- --------------------------------------------------------

--
-- 테이블 구조 `timetables`
--

DROP TABLE IF EXISTS `timetables`;
CREATE TABLE `timetables` (
  `id` int(11) NOT NULL,
  `route_code` varchar(20) DEFAULT NULL,
  `trip_no` varchar(10) DEFAULT NULL,
  `season` varchar(20) DEFAULT NULL,
  `weekday_type` varchar(20) DEFAULT NULL,
  `depart_time` varchar(10) DEFAULT NULL,
  `arrive_time` varchar(10) DEFAULT NULL,
  `depart_terminal_code` varchar(20) DEFAULT NULL,
  `arrive_place` varchar(100) DEFAULT NULL,
  `notes` varchar(200) DEFAULT NULL,
  `use_yn` char(1) DEFAULT 'Y'
) ENGINE=MyISAM DEFAULT CHARSET=utf8;

--
-- 테이블의 덤프 데이터 `timetables`
--

INSERT INTO `timetables` (`id`, `route_code`, `trip_no`, `season`, `weekday_type`, `depart_time`, `arrive_time`, `depart_terminal_code`, `arrive_place`, `notes`, `use_yn`) VALUES
(1, 'RT-GARONG-SINI', '1', '동절기', '매일', '7:20', '9:00', 'JN-SA-002', '신의도', '사진 기반', 'Y'),
(2, 'RT-GARONG-SINI', '2', '동절기', '매일', '10:40', '12:21', 'JN-SA-002', '신의도', '사진 기반', 'Y'),
(3, 'RT-GARONG-SINI', '3', '동절기', '매일', '14:00', '15:40', 'JN-SA-002', '신의도', '사진 기반', 'Y'),
(4, 'RT-GARONG-SINI', '4', '동절기', '매일', '16:00', '17:41', 'JN-SA-002', '신의도', '사진 기반', 'Y'),
(5, 'RT-AMTAE-BIGEUM', '1', '연중', '매일', '6:40', '7:20', 'JN-SA-001', '비금', '사진 기반', 'Y'),
(6, 'RT-AMTAE-BIGEUM', '2', '연중', '매일', '8:00', '8:40', 'JN-SA-001', '비금', '사진 기반', 'Y');

--
-- 덤프된 테이블의 인덱스
--

--
-- 테이블의 인덱스 `realtime_operations`
--
ALTER TABLE `realtime_operations`
  ADD PRIMARY KEY (`id`);

--
-- 테이블의 인덱스 `routes`
--
ALTER TABLE `routes`
  ADD PRIMARY KEY (`route_code`);

--
-- 테이블의 인덱스 `terminals`
--
ALTER TABLE `terminals`
  ADD PRIMARY KEY (`terminal_code`),
  ADD KEY `idx_city` (`city`),
  ADD KEY `idx_name` (`name_ko`),
  ADD KEY `idx_location` (`lat`,`lng`);

--
-- 테이블의 인덱스 `timetables`
--
ALTER TABLE `timetables`
  ADD PRIMARY KEY (`id`);

--
-- 덤프된 테이블의 AUTO_INCREMENT
--

--
-- 테이블의 AUTO_INCREMENT `realtime_operations`
--
ALTER TABLE `realtime_operations`
  MODIFY `id` int(11) NOT NULL AUTO_INCREMENT, AUTO_INCREMENT=109;

--
-- 테이블의 AUTO_INCREMENT `timetables`
--
ALTER TABLE `timetables`
  MODIFY `id` int(11) NOT NULL AUTO_INCREMENT, AUTO_INCREMENT=7;
COMMIT;

/*!40101 SET CHARACTER_SET_CLIENT=@OLD_CHARACTER_SET_CLIENT */;
/*!40101 SET CHARACTER_SET_RESULTS=@OLD_CHARACTER_SET_RESULTS */;
/*!40101 SET COLLATION_CONNECTION=@OLD_COLLATION_CONNECTION */;
